{"cameraMode":{"drawMode":0,"name":"Shaded","section":"Shading Mode"},"sceneLighting":false,"audioPlay":false,"sceneViewState":{"m_AlwaysRefresh":false,"showFog":false,"showSkybox":false,"showFlares":true,"showImageEffects":true,"showParticleSystems":true,"showVisualEffectGraphs":true,"m_FxEnabled":true},"in2DMode":false,"pivot":{"x":-1.210719347000122e-8,"y":0.04322812706232071,"z":0.07738222926855087},"rotation":{"x":-0.046932488679885867,"y":-0.8392093777656555,"z":0.07350742071866989,"w":-0.5370808243751526},"size":0.13594023883342744,"orthographic":false}