{"cameraMode":{"drawMode":0,"name":"Shaded","section":"Shading Mode"},"sceneLighting":true,"audioPlay":false,"sceneViewState":{"m_AlwaysRefresh":false,"showFog":false,"showSkybox":true,"showFlares":true,"showImageEffects":true,"showParticleSystems":true,"showVisualEffectGraphs":true,"m_FxEnabled":true},"in2DMode":false,"pivot":{"x":493.748291015625,"y":167.28115844726563,"z":-419.3144226074219},"rotation":{"x":0.005501829087734222,"y":0.8186010122299194,"z":0.001667934819124639,"w":0.5761446356773377},"size":622.4889526367188,"orthographic":false}