{"cameraMode":{"drawMode":0,"name":"Shaded","section":"Shading Mode"},"sceneLighting":false,"audioPlay":false,"sceneViewState":{"m_AlwaysRefresh":false,"showFog":false,"showSkybox":false,"showFlares":true,"showImageEffects":true,"showParticleSystems":true,"showVisualEffectGraphs":true,"m_FxEnabled":true},"in2DMode":false,"pivot":{"x":-0.00013947486877441406,"y":0.02439296245574951,"z":-0.30089548230171206},"rotation":{"x":-0.0014030080055817962,"y":0.9954833984375,"z":-0.012233075685799122,"w":-0.09653543680906296},"size":3.5297083854675295,"orthographic":false}